{"cameraMode":{"drawMode":0,"name":"Shaded","section":"Shading Mode"},"sceneLighting":true,"audioPlay":false,"sceneViewState":{"showFog":false,"showMaterialUpdate":false,"showSkybox":false,"showFlares":false,"showImageEffects":false,"showParticleSystems":false},"in2DMode":false,"pivot":{"x":9.480436325073243,"y":2.422236919403076,"z":0.7273176908493042},"rotation":{"x":-0.28289034962654116,"y":0.004888922907412052,"z":-0.0014421595260500908,"w":-0.9591400623321533},"size":7.309493541717529,"orthographic":false}